marque;	modele;	motor;	annee;	km;	mode; essence; prix;
PEUGEOT;108;1.2 PURETECH 82 STYLE;2018;13813;Manuelle;Essence;11550
PEUGEOT;108;ACTIVE 1.0 VTI START/STOP 72CH MANUELLE;2018;13813;Manuelle;Essence;14960
PEUGEOT;108;1.0 VTI 72 ALLURE;2018;13813;Manuelle;Essence;15440
PEUGEOT;108;1.0 VTI 72 ACTIVE;2018;13813;Manuelle;Essence;12530
PEUGEOT;108;1.0 VTI 72 STYLE;2018;13813;Manuelle;Essence;13400
PEUGEOT;108;1.0 VTI 72 ALLURE;2018;13813;Manuelle;Essence;15010
PEUGEOT;108;1.0 VTI 72 STYLE;2018;13813;Manuelle;Essence;13550
PEUGEOT;108;1.0 VTI 72 STYLE;2018;13813;Manuelle;Essence;13870
PEUGEOT;108;1.0 VTI 72 STYLE +;2018;13813;Manuelle;Essence;11860
PEUGEOT;108;1.2 PURETECH 82 STYLE;2018;13813;Manuelle;Essence;11550
PEUGEOT;108;1.0 VTI 72 STYLE;2018;13813;Manuelle;Essence;12530
PEUGEOT;108;1.0 VTI 72 STYLE;2018;13813;Manuelle;Essence;14010
PEUGEOT;108;1.0 VTI 72 ACTIVE;2018;13813;Manuelle;Essence;14960
PEUGEOT;108;1.0 VTI 72 LIKE;2018;13813;Manuelle;Essence;15780
PEUGEOT;108;1.0 VTI 72 ALLURE;2018;13813;Manuelle;Essence;16640
PEUGEOT;108;1.0 VTI 72 STYLE;2018;13813;Manuelle;Essence;15090
PEUGEOT;108;1.0 VTI 72 STYLE;2018;13813;Manuelle;Essence;14560
PEUGEOT;108;1.0 VTI 72 ALLURE;2021;8672;Manuelle;Essence;15940
PEUGEOT;108;1.0 VTI 72 STYLE;2021;8672;Manuelle;Essence;15100
PEUGEOT;108;1.0 VTI 72 STYLE;2021;8672;Manuelle;Essence;17330
PEUGEOT;108;1.0 VTI 72 TOP! ROLAND GARROS;2021;8672;Manuelle;Essence;15920
PEUGEOT;108;1.0 VTI 72 STYLE;2021;8672;Manuelle;Essence;15030
PEUGEOT;108;1.0 VTI 72 STYLE;2021;8672;Manuelle;Essence;13300
PEUGEOT;108;1.0 VTI 72 STYLE;2021;8672;Manuelle;Essence;13730
PEUGEOT;108;1.0 VTI 72 ALLURE;2021;8672;Manuelle;Essence;14100
PEUGEOT;108;1.0 VTI 72 TOP! STYLE;2021;8672;Manuelle;Essence;14490
PEUGEOT;108;1.0 VTI 72 STYLE;2021;8672;Manuelle;Essence;15700
PEUGEOT;108;1.0 VTI 72 ACTIVE;2021;8672;Manuelle;Essence;15220
PEUGEOT;108;1.0 VTI 72 STYLE;2021;8672;Manuelle;Essence;13180
PEUGEOT;108;1.0 VTI 72 STYLE;2021;8672;Manuelle;Essence;15470
PEUGEOT;108;1.0 VTI 72 STYLE;2021;8672;Manuelle;Essence;13520
PEUGEOT;108;1.0 VTI 72 STYLE;2021;8672;Manuelle;Essence;16080
PEUGEOT;108;1.0 VTI 72 STYLE;2021;8672;Manuelle;Essence;14370
PEUGEOT;108;1.0 VTI 72 STYLE;2021;8672;Manuelle;Essence;14360
PEUGEOT;108;ACTIVE 1.0 VTI START/STOP 72CH MANUELLE;2022;12572;Manuelle;Essence;14960
PEUGEOT;108;1.0 VTI 72 STYLE;2022;12572;Manuelle;Essence;13900
PEUGEOT;108;1.0 VTI 72 STYLE;2022;12572;Manuelle;Essence;15290
PEUGEOT;108;1.0 VTI 72 ALLURE;2022;12572;Manuelle;Essence;16610
PEUGEOT;108;1.0 VTI 72 STYLE;2022;12572;Manuelle;Essence;14590
PEUGEOT;108;1.0 VTI 72 STYLE 3P;2022;12572;Manuelle;Essence;11420
PEUGEOT;108;1.0 VTI 72 STYLE;2022;12572;Manuelle;Essence;13480
PEUGEOT;108;1.0 VTI 72 ACTIVE;2022;12572;Manuelle;Essence;15230
PEUGEOT;108;1.0 VTI 72 TOP! COLLECTION;2022;12572;Manuelle;Essence;14440
PEUGEOT;108;1.0 VTI 72 STYLE;2022;12572;Manuelle;Essence;13770
PEUGEOT;108;1.0 VTI 72 ACTIVE;2022;12572;Manuelle;Essence;13950
PEUGEOT;108;1.0 VTI 72 COLLECTION;2022;12572;Manuelle;Essence;13100
PEUGEOT;108;1.0 VTI 72 STYLE;2022;12572;Manuelle;Essence;14190
PEUGEOT;108;1.0 VTI 72 STYLE;2022;12572;Manuelle;Essence;16650
PEUGEOT;108;1.0 VTI 72 STYLE;2022;12572;Manuelle;Essence;14970
PEUGEOT;108;1.0 VTI 72 STYLE;2022;12572;Manuelle;Essence;13000
PEUGEOT;108;1.0 VTI 72 TOP! STYLE;2022;12572;Manuelle;Essence;14150
PEUGEOT;108;1.0 VTI 72 STYLE;2021;33363;Manuelle;Essence;15840
PEUGEOT;108;1.0 VTI 72 STYLE;2021;33363;Manuelle;Essence;15590
PEUGEOT;108;1.0 VTI 72 TOP! ROLAND GARROS;2021;33363;Manuelle;Essence;17360
PEUGEOT;108;1.0 VTI 72 STYLE;2021;33363;Manuelle;Essence;12600
PEUGEOT;108;1.0 VTI 72 STYLE;2021;33363;Manuelle;Essence;14980
PEUGEOT;108;1.0 VTI 72 ALLURE;2021;33363;Manuelle;Essence;13180
PEUGEOT;108;1.2 PURETECH 82 COLLECTION;2021;33363;Manuelle;Essence;14740
PEUGEOT;108;1.0 VTI 72 S&S ALLURE 5P;2021;33363;Manuelle;Essence;15880
PEUGEOT;108;1.0 VTI 72 STYLE;2021;33363;Manuelle;Essence;14840
PEUGEOT;108;1.0 VTI 72 STYLE;2021;33363;Manuelle;Essence;14720
PEUGEOT;108;1.0 VTI 72 COLLECTION;2021;33363;Manuelle;Essence;15300
PEUGEOT;108;1.0 VTI 72 STYLE;2021;33363;Manuelle;Essence;12300
PEUGEOT;108;1.0 VTI 72 LIKE;2021;33363;Manuelle;Essence;12840
PEUGEOT;108;1.0 VTI 72 STYLE;2021;33363;Manuelle;Essence;14110
PEUGEOT;108;1.0 VTI 72 ALLURE;2021;33363;Manuelle;Essence;15720
PEUGEOT;108;1.0 VTI 72 ALLURE;2021;33363;Manuelle;Essence;16270
PEUGEOT;108;1.0 VTI 72 STYLE;2021;33363;Manuelle;Essence;13420
